<?xml version="1.0" encoding="UTF-8"?>
<addon id="script.Octoprint"
       name="Octoprint"
       version="0.0.1"
       provider-name="MaritimeMaker">
  <requires>
    <import addon="xbmc.python" version="2.1.0"/>
	<import addon="script.module.requests" version="2.12.4"/>
</requires>
  <extension point="xbmc.python.script" library="default.py"/>
  <extension point="xbmc.addon.metadata">
    <platform>all</platform>
    <summary lang="en">Monitor Octoprint Instance</summary>
    <description lang="en">allows for monitoring octoprint jobs</description>
    <license>GNU GENERAL PUBLIC LICENSE. Version 3, 29 June 2007</license>
  </extension>
</addon>